<Footprint name="BO_CR0402" >
  <Units type="mils" precision="3" />
  <Extents minX="-2412.5" minY="-2481" width="3929.5" height="4032" />
  <Padstack name="RX20Y22D0T" type="single" > 
    <Layers>
      <Layer name="TOP" >
        <Pad shape="rectangle" width="20" height="22" /> 
      </Layer>
      <Layer name="PASTEMASK_TOP" >
        <Pad shape="rectangle" width="20" height="22" /> 
      </Layer>
      <Layer name="SOLDERMASK_TOP" >
        <Pad shape="rectangle" width="20" height="22" /> 
      </Layer>
    </Layers>
  </Padstack>

  <Padstack name="RX20Y22D0T" type="single" > 
    <Layers>
      <Layer name="TOP" >
        <Pad shape="rectangle" width="20" height="22" /> 
      </Layer>
      <Layer name="PASTEMASK_TOP" >
        <Pad shape="rectangle" width="20" height="22" /> 
      </Layer>
      <Layer name="SOLDERMASK_TOP" >
        <Pad shape="rectangle" width="20" height="22" /> 
      </Layer>
    </Layers>
  </Padstack>
  <TextBlocks>
    <TextBlock name="17" width="6.25" height="25" lineSpacing="25" characterSpacing="6.25" /> 
  </TextBlocks>

  <Pins>
    <Pin number="1" padName="RX20Y22D0T" originX="-20" originY="0" rotation="0" isMechanical="no" textBlockName="17" />
    <Pin number="2" padName="RX20Y22D0T" originX="20" originY="0" rotation="0" isMechanical="no" textBlockName="17" />
  </Pins>
  <Vias>
  </Vias>
  <Layers>
    <Layer name="PACKAGE GEOMETRY/ASSEMBLY_TOP" packageHeight="16" >
      <Path lineWidth="0" type="line" >
        <Point x="-10" y="-11" />
        <Point x="-10" y="11" />
      </Path>
    </Layer>
    <Layer name="PACKAGE GEOMETRY/ASSEMBLY_TOP" packageHeight="16" >
      <Path lineWidth="0" type="line" >
        <Point x="-10" y="11" />
        <Point x="-22" y="11" />
      </Path>
    </Layer>
    <Layer name="PACKAGE GEOMETRY/ASSEMBLY_TOP" packageHeight="16" >
      <Path lineWidth="0" type="line" >
        <Point x="-22" y="11" />
        <Point x="-22" y="-11" />
      </Path>
    </Layer>
    <Layer name="PACKAGE GEOMETRY/ASSEMBLY_TOP" packageHeight="16" >
      <Path lineWidth="0" type="line" >
        <Point x="-22" y="-11" />
        <Point x="-10" y="-11" />
      </Path>
    </Layer>
    <Layer name="PACKAGE GEOMETRY/ASSEMBLY_TOP" packageHeight="16" >
      <Path lineWidth="0" type="line" >
        <Point x="10" y="11" />
        <Point x="10" y="-11" />
      </Path>
    </Layer>
    <Layer name="PACKAGE GEOMETRY/ASSEMBLY_TOP" packageHeight="16" >
      <Path lineWidth="0" type="line" >
        <Point x="10" y="-11" />
        <Point x="22" y="-11" />
      </Path>
    </Layer>
    <Layer name="PACKAGE GEOMETRY/ASSEMBLY_TOP" packageHeight="16" >
      <Path lineWidth="0" type="line" >
        <Point x="22" y="-11" />
        <Point x="22" y="11" />
      </Path>
    </Layer>
    <Layer name="PACKAGE GEOMETRY/ASSEMBLY_TOP" packageHeight="16" >
      <Path lineWidth="0" type="line" >
        <Point x="22" y="11" />
        <Point x="10" y="11" />
      </Path>
    </Layer>
    <Layer name="VIA KEEPOUT/TOP" packageHeight="16" >
      <Path lineWidth="0" type="shape" >
        <Point x="-8" y="11" />
        <Point x="8" y="11" />
        <Point x="8" y="-11" />
        <Point x="-8" y="-11" />
        <Point x="-8" y="11" />
      </Path>
    </Layer>
    <Layer name="ROUTE KEEPOUT/TOP" packageHeight="16" >
      <Path lineWidth="0" type="shape" >
        <Point x="-8" y="11" />
        <Point x="8" y="11" />
        <Point x="8" y="-11" />
        <Point x="-8" y="-11" />
        <Point x="-8" y="11" />
      </Path>
    </Layer>
    <Layer name="ROUTE KEEPOUT/TOP" packageHeight="16" >
      <Path lineWidth="0" type="shape" >
        <Point x="-8" y="9" />
        <Point x="8" y="9" />
        <Point x="8" y="-9" />
        <Point x="-8" y="-9" />
        <Point x="-8" y="9" />
      </Path>
    </Layer>
    <Layer name="PACKAGE GEOMETRY/PLACE_BOUND_TOP" packageHeight="16" packageHeightMin="0">
      <Path lineWidth="0" type="shape" >
        <Point x="-36" y="-17" />
        <Point x="-36" y="17" />
        <Point x="36" y="17" />
        <Point x="36" y="-17" />
        <Point x="-36" y="-17" />
      </Path>
    </Layer>
    <Layer name="MANUFACTURING/NO_PROBE_TOP" packageHeight="16" >
      <Path lineWidth="0" type="shape" >
        <Point x="-45" y="-26" />
        <Point x="-45" y="26" />
        <Point x="45" y="26" />
        <Point x="45" y="-26" />
        <Point x="-45" y="-26" />
      </Path>
    </Layer>
    <Layer name="REF DES/SILKSCREEN_TOP" packageHeight="16" >
      <Label layer="REF DES/SILKSCREEN_TOP" textBlock="3" angle="0" x="0" y="-25" text="Ref" justify="center" />
    </Layer>
    <Layer name="DEVICE TYPE/SILKSCREEN_TOP" packageHeight="16" >
      <Label layer="DEVICE TYPE/SILKSCREEN_TOP" textBlock="3" angle="0" x="0" y="-25" text="Dev" justify="center" />
    </Layer>
    <Layer name="USER PART NUMBER/SILKSCREEN_TOP" packageHeight="16" >
      <Label layer="USER PART NUMBER/SILKSCREEN_TOP" textBlock="3" angle="0" x="0" y="-25" text="PN" justify="center" />
    </Layer>
    <Layer name="DEVICE TYPE/ASSEMBLY_TOP" packageHeight="16" >
      <Label layer="DEVICE TYPE/ASSEMBLY_TOP" textBlock="3" angle="0" x="0" y="-25" text="DEV" justify="center" />
    </Layer>
    <Layer name="COMPONENT VALUE/SILKSCREEN_TOP" packageHeight="16" >
      <Label layer="COMPONENT VALUE/SILKSCREEN_TOP" textBlock="3" angle="0" x="0" y="-25" text="VAL" justify="center" />
    </Layer>
    <Layer name="TOLERANCE/SILKSCREEN_TOP" packageHeight="16" >
      <Label layer="TOLERANCE/SILKSCREEN_TOP" textBlock="3" angle="0" x="0" y="-25" text="TOL" justify="center" />
    </Layer>
    <Layer name="REF DES/ASSEMBLY_TOP" packageHeight="16" >
      <Label layer="REF DES/ASSEMBLY_TOP" textBlock="3" angle="0" x="0" y="-25" text="Ref" justify="center" />
    </Layer>
    <Layer name="PACKAGE GEOMETRY/ASSEMBLY_TOP" packageHeight="16" >
      <Path lineWidth="0" type="line" >
        <Point x="-22" y="-11" />
        <Point x="22" y="-11" />
      </Path>
    </Layer>
    <Layer name="PACKAGE GEOMETRY/ASSEMBLY_TOP" packageHeight="16" >
      <Path lineWidth="0" type="line" >
        <Point x="22" y="-11" />
        <Point x="22" y="11" />
      </Path>
    </Layer>
    <Layer name="PACKAGE GEOMETRY/ASSEMBLY_TOP" packageHeight="16" >
      <Path lineWidth="0" type="line" >
        <Point x="22" y="11" />
        <Point x="-22" y="11" />
      </Path>
    </Layer>
    <Layer name="PACKAGE GEOMETRY/ASSEMBLY_TOP" packageHeight="16" >
      <Path lineWidth="0" type="line" >
        <Point x="-22" y="11" />
        <Point x="-22" y="-11" />
      </Path>
    </Layer>
  </Layers>
</Footprint>
