{
	"Gate Swap" : [],
	"Ref Des" : [],
	"Pin Swap" : [],
	"Component Property" : [],
	"Net Property" : [],
	"Pin Property" : [],
	"Component" : [
		{
			"Name" : "IO2",
			"C_PATH" : "@msd_foot_main.schematic1(sch_1):ins23754@mylib.\\main_nano_connector.normal\\(chips)",
			"Logical" : null,
			"Physical" : "IO2"
		},
		{
			"Name" : "C11",
			"C_PATH" : "@msd_foot_main.schematic1(sch_1):ins36537@discrete.\\cap np.normal\\(chips)",
			"Logical" : "C11",
			"Physical" : null
		},
		{
			"Name" : "C12",
			"C_PATH" : "@msd_foot_main.schematic1(sch_1):ins37220@discrete.\\cap np.normal\\(chips)",
			"Logical" : "C12",
			"Physical" : null
		},
		{
			"Name" : "IO2",
			"C_PATH" : "@msd_foot_main.schematic1(sch_1):ins35550@mylib.\\main_nano_connector.normal\\(chips)",
			"Logical" : "IO2",
			"Physical" : null
		},
		{
			"Name" : "R14",
			"C_PATH" : "@msd_foot_main.schematic1(sch_1):ins36487@discrete.\\r.normal\\(chips)",
			"Logical" : "R14",
			"Physical" : null
		},
		{
			"Name" : "R15",
			"C_PATH" : "@msd_foot_main.schematic1(sch_1):ins36505@discrete.\\r.normal\\(chips)",
			"Logical" : "R15",
			"Physical" : null
		},
		{
			"Name" : "R16",
			"C_PATH" : "@msd_foot_main.schematic1(sch_1):ins36749@discrete.\\r.normal\\(chips)",
			"Logical" : "R16",
			"Physical" : null
		},
		{
			"Name" : "R17",
			"C_PATH" : "@msd_foot_main.schematic1(sch_1):ins36767@discrete.\\r.normal\\(chips)",
			"Logical" : "R17",
			"Physical" : null
		},
		{
			"Name" : "R18",
			"C_PATH" : "@msd_foot_main.schematic1(sch_1):ins36848@discrete.\\r.normal\\(chips)",
			"Logical" : "R18",
			"Physical" : null
		},
		{
			"Name" : "R19",
			"C_PATH" : "@msd_foot_main.schematic1(sch_1):ins36866@discrete.\\r.normal\\(chips)",
			"Logical" : "R19",
			"Physical" : null
		},
		{
			"Name" : "R20",
			"C_PATH" : "@msd_foot_main.schematic1(sch_1):ins37194@discrete.\\r.normal\\(chips)",
			"Logical" : "R20",
			"Physical" : null
		},
		{
			"Name" : "R21",
			"C_PATH" : "@msd_foot_main.schematic1(sch_1):ins37264@discrete.\\r.normal\\(chips)",
			"Logical" : "R21",
			"Physical" : null
		},
		{
			"Name" : "R22",
			"C_PATH" : "@msd_foot_main.schematic1(sch_1):ins37300@discrete.\\r.normal\\(chips)",
			"Logical" : "R22",
			"Physical" : null
		},
		{
			"Name" : "R23",
			"C_PATH" : "@msd_foot_main.schematic1(sch_1):ins37330@discrete.\\r.normal\\(chips)",
			"Logical" : "R23",
			"Physical" : null
		},
		{
			"Name" : "R24",
			"C_PATH" : "@msd_foot_main.schematic1(sch_1):ins37364@discrete.\\r.normal\\(chips)",
			"Logical" : "R24",
			"Physical" : null
		},
		{
			"Name" : "R25",
			"C_PATH" : "@msd_foot_main.schematic1(sch_1):ins37394@discrete.\\r.normal\\(chips)",
			"Logical" : "R25",
			"Physical" : null
		},
		{
			"Name" : "U14",
			"C_PATH" : "@msd_foot_main.schematic1(sch_1):ins36411@\\2020-09-26_03-11-53\\.\\mcp6002-ims.normal\\(sch_1)",
			"Logical" : "U14",
			"Physical" : null
		},
		{
			"Name" : "U15",
			"C_PATH" : "@msd_foot_main.schematic1(sch_1):ins37236@\\2020-09-26_03-11-53\\.\\mcp6002-ims.normal\\(sch_1)",
			"Logical" : "U15",
			"Physical" : null
		}
	],
	"Net" : [
		{
			"Name" : "N36443",
			"C_PATH" : "@msd_foot_main.schematic1(sch_1):n36443",
			"Logical" : "N36443",
			"Physical" : null
		},
		{
			"Name" : "N36523",
			"C_PATH" : "@msd_foot_main.schematic1(sch_1):n36523",
			"Logical" : "N36523",
			"Physical" : null
		},
		{
			"Name" : "VREF",
			"C_PATH" : "@msd_foot_main.schematic1(sch_1):vref",
			"Logical" : "VREF",
			"Physical" : null
		},
		{
			"Name" : "N36835",
			"C_PATH" : "@msd_foot_main.schematic1(sch_1):n36835",
			"Logical" : "N36835",
			"Physical" : null
		},
		{
			"Name" : "N37282",
			"C_PATH" : "@msd_foot_main.schematic1(sch_1):n37282",
			"Logical" : "N37282",
			"Physical" : null
		},
		{
			"Name" : "N37358",
			"C_PATH" : "@msd_foot_main.schematic1(sch_1):n37358",
			"Logical" : "N37358",
			"Physical" : null
		},
		{
			"Name" : "N37362",
			"C_PATH" : "@msd_foot_main.schematic1(sch_1):n37362",
			"Logical" : "N37362",
			"Physical" : null
		},
		{
			"Name" : "MUXA_VOUT2B",
			"C_PATH" : "@msd_foot_main.schematic1(sch_1):muxa_vout2b",
			"Logical" : "MUXA_VOUT2B",
			"Physical" : null
		},
		{
			"Name" : "MUXA_VOUT2A",
			"C_PATH" : "@msd_foot_main.schematic1(sch_1):muxa_vout2a",
			"Logical" : "MUXA_VOUT2A",
			"Physical" : null
		},
		{
			"Name" : "MUXB_OPB",
			"C_PATH" : "@msd_foot_main.schematic1(sch_1):muxb_opb",
			"Logical" : "MUXB_OPB",
			"Physical" : null
		},
		{
			"Name" : "MUXA_VOUT3A",
			"C_PATH" : "@msd_foot_main.schematic1(sch_1):muxa_vout3a",
			"Logical" : "MUXA_VOUT3A",
			"Physical" : null
		},
		{
			"Name" : "MUXA_VOUT3B",
			"C_PATH" : "@msd_foot_main.schematic1(sch_1):muxa_vout3b",
			"Logical" : "MUXA_VOUT3B",
			"Physical" : null
		}
	],
	"Connection" : [
		{
			"Name" : "C11.2",
			"C_PATH" : "@msd_foot_main.schematic1(sch_1):ins36537@discrete.\\cap np.normal\\(chips):\\2\\",
			"Logical" : "N36523",
			"Physical" : null
		},
		{
			"Name" : "C11.1",
			"C_PATH" : "@msd_foot_main.schematic1(sch_1):ins36537@discrete.\\cap np.normal\\(chips):\\1\\",
			"Logical" : "MUXA_VOUT2A",
			"Physical" : null
		},
		{
			"Name" : "C12.2",
			"C_PATH" : "@msd_foot_main.schematic1(sch_1):ins37220@discrete.\\cap np.normal\\(chips):\\2\\",
			"Logical" : "N37282",
			"Physical" : null
		},
		{
			"Name" : "C12.1",
			"C_PATH" : "@msd_foot_main.schematic1(sch_1):ins37220@discrete.\\cap np.normal\\(chips):\\1\\",
			"Logical" : "MUXA_VOUT2B",
			"Physical" : null
		},
		{
			"Name" : "IO2.9",
			"C_PATH" : "@msd_foot_main.schematic1(sch_1):ins35550@mylib.\\main_nano_connector.normal\\(chips):SENSE",
			"Logical" : "CNC_DETECT",
			"Physical" : null
		},
		{
			"Name" : "IO2.2",
			"C_PATH" : "@msd_foot_main.schematic1(sch_1):ins35550@mylib.\\main_nano_connector.normal\\(chips):\\5v\\",
			"Logical" : "5V",
			"Physical" : null
		},
		{
			"Name" : "IO2.1",
			"C_PATH" : "@msd_foot_main.schematic1(sch_1):ins35550@mylib.\\main_nano_connector.normal\\(chips):GND",
			"Logical" : "GND",
			"Physical" : null
		},
		{
			"Name" : "IO2.11",
			"C_PATH" : "@msd_foot_main.schematic1(sch_1):ins35550@mylib.\\main_nano_connector.normal\\(chips):SEL0",
			"Logical" : "MUXA_SEL0",
			"Physical" : null
		},
		{
			"Name" : "IO2.4",
			"C_PATH" : "@msd_foot_main.schematic1(sch_1):ins35550@mylib.\\main_nano_connector.normal\\(chips):\\3v3\\",
			"Logical" : "3V3",
			"Physical" : null
		},
		{
			"Name" : "IO2.5",
			"C_PATH" : "@msd_foot_main.schematic1(sch_1):ins35550@mylib.\\main_nano_connector.normal\\(chips):AB",
			"Logical" : "MUXA_VOUT3B",
			"Physical" : null
		},
		{
			"Name" : "IO2.3",
			"C_PATH" : "@msd_foot_main.schematic1(sch_1):ins35550@mylib.\\main_nano_connector.normal\\(chips):AA",
			"Logical" : "MUXA_VOUT3B",
			"Physical" : null
		},
		{
			"Name" : "IO2.6",
			"C_PATH" : "@msd_foot_main.schematic1(sch_1):ins35550@mylib.\\main_nano_connector.normal\\(chips):A1",
			"Logical" : "N23680",
			"Physical" : null
		},
		{
			"Name" : "IO2.7",
			"C_PATH" : "@msd_foot_main.schematic1(sch_1):ins35550@mylib.\\main_nano_connector.normal\\(chips):A2",
			"Logical" : "N23684",
			"Physical" : null
		},
		{
			"Name" : "IO2.8",
			"C_PATH" : "@msd_foot_main.schematic1(sch_1):ins35550@mylib.\\main_nano_connector.normal\\(chips):A3",
			"Logical" : "N23688",
			"Physical" : null
		},
		{
			"Name" : "IO2.12",
			"C_PATH" : "@msd_foot_main.schematic1(sch_1):ins35550@mylib.\\main_nano_connector.normal\\(chips):SEL1",
			"Logical" : "MUXA_SEL1",
			"Physical" : null
		},
		{
			"Name" : "R14.2",
			"C_PATH" : "@msd_foot_main.schematic1(sch_1):ins36487@discrete.\\r.normal\\(chips):\\2\\",
			"Logical" : "N36523",
			"Physical" : null
		},
		{
			"Name" : "R14.1",
			"C_PATH" : "@msd_foot_main.schematic1(sch_1):ins36487@discrete.\\r.normal\\(chips):\\1\\",
			"Logical" : "VREF",
			"Physical" : null
		},
		{
			"Name" : "R15.1",
			"C_PATH" : "@msd_foot_main.schematic1(sch_1):ins36505@discrete.\\r.normal\\(chips):\\1\\",
			"Logical" : "N36523",
			"Physical" : null
		},
		{
			"Name" : "R15.2",
			"C_PATH" : "@msd_foot_main.schematic1(sch_1):ins36505@discrete.\\r.normal\\(chips):\\2\\",
			"Logical" : "MUXA_VOUT2A",
			"Physical" : null
		},
		{
			"Name" : "R16.1",
			"C_PATH" : "@msd_foot_main.schematic1(sch_1):ins36749@discrete.\\r.normal\\(chips):\\1\\",
			"Logical" : "N36443",
			"Physical" : null
		},
		{
			"Name" : "R16.2",
			"C_PATH" : "@msd_foot_main.schematic1(sch_1):ins36749@discrete.\\r.normal\\(chips):\\2\\",
			"Logical" : "GND",
			"Physical" : null
		},
		{
			"Name" : "R17.2",
			"C_PATH" : "@msd_foot_main.schematic1(sch_1):ins36767@discrete.\\r.normal\\(chips):\\2\\",
			"Logical" : "N36443",
			"Physical" : null
		},
		{
			"Name" : "R17.1",
			"C_PATH" : "@msd_foot_main.schematic1(sch_1):ins36767@discrete.\\r.normal\\(chips):\\1\\",
			"Logical" : "MUXA_OPA",
			"Physical" : null
		},
		{
			"Name" : "R18.1",
			"C_PATH" : "@msd_foot_main.schematic1(sch_1):ins36848@discrete.\\r.normal\\(chips):\\1\\",
			"Logical" : "N36835",
			"Physical" : null
		},
		{
			"Name" : "R18.2",
			"C_PATH" : "@msd_foot_main.schematic1(sch_1):ins36848@discrete.\\r.normal\\(chips):\\2\\",
			"Logical" : "GND",
			"Physical" : null
		},
		{
			"Name" : "R19.1",
			"C_PATH" : "@msd_foot_main.schematic1(sch_1):ins36866@discrete.\\r.normal\\(chips):\\1\\",
			"Logical" : "N36835",
			"Physical" : null
		},
		{
			"Name" : "R19.2",
			"C_PATH" : "@msd_foot_main.schematic1(sch_1):ins36866@discrete.\\r.normal\\(chips):\\2\\",
			"Logical" : "MUXA_VOUT3A",
			"Physical" : null
		},
		{
			"Name" : "R20.1",
			"C_PATH" : "@msd_foot_main.schematic1(sch_1):ins37194@discrete.\\r.normal\\(chips):\\1\\",
			"Logical" : "N37282",
			"Physical" : null
		},
		{
			"Name" : "R20.2",
			"C_PATH" : "@msd_foot_main.schematic1(sch_1):ins37194@discrete.\\r.normal\\(chips):\\2\\",
			"Logical" : "MUXA_VOUT2B",
			"Physical" : null
		},
		{
			"Name" : "R21.1",
			"C_PATH" : "@msd_foot_main.schematic1(sch_1):ins37264@discrete.\\r.normal\\(chips):\\1\\",
			"Logical" : "VREF",
			"Physical" : null
		},
		{
			"Name" : "R21.2",
			"C_PATH" : "@msd_foot_main.schematic1(sch_1):ins37264@discrete.\\r.normal\\(chips):\\2\\",
			"Logical" : "N37282",
			"Physical" : null
		},
		{
			"Name" : "R22.2",
			"C_PATH" : "@msd_foot_main.schematic1(sch_1):ins37300@discrete.\\r.normal\\(chips):\\2\\",
			"Logical" : "N37358",
			"Physical" : null
		},
		{
			"Name" : "R22.1",
			"C_PATH" : "@msd_foot_main.schematic1(sch_1):ins37300@discrete.\\r.normal\\(chips):\\1\\",
			"Logical" : "MUXB_OPB",
			"Physical" : null
		},
		{
			"Name" : "R23.1",
			"C_PATH" : "@msd_foot_main.schematic1(sch_1):ins37330@discrete.\\r.normal\\(chips):\\1\\",
			"Logical" : "N37362",
			"Physical" : null
		},
		{
			"Name" : "R23.2",
			"C_PATH" : "@msd_foot_main.schematic1(sch_1):ins37330@discrete.\\r.normal\\(chips):\\2\\",
			"Logical" : "MUXA_VOUT3B",
			"Physical" : null
		},
		{
			"Name" : "R24.1",
			"C_PATH" : "@msd_foot_main.schematic1(sch_1):ins37364@discrete.\\r.normal\\(chips):\\1\\",
			"Logical" : "N37358",
			"Physical" : null
		},
		{
			"Name" : "R24.2",
			"C_PATH" : "@msd_foot_main.schematic1(sch_1):ins37364@discrete.\\r.normal\\(chips):\\2\\",
			"Logical" : "GND",
			"Physical" : null
		},
		{
			"Name" : "R25.1",
			"C_PATH" : "@msd_foot_main.schematic1(sch_1):ins37394@discrete.\\r.normal\\(chips):\\1\\",
			"Logical" : "N37362",
			"Physical" : null
		},
		{
			"Name" : "R25.2",
			"C_PATH" : "@msd_foot_main.schematic1(sch_1):ins37394@discrete.\\r.normal\\(chips):\\2\\",
			"Logical" : "GND",
			"Physical" : null
		},
		{
			"Name" : "U14.3",
			"C_PATH" : "@msd_foot_main.schematic1(sch_1):ins36411@\\2020-09-26_03-11-53\\.\\mcp6002-ims.normal\\(sch_1):\\vina+\\",
			"Logical" : "N36443",
			"Physical" : null
		},
		{
			"Name" : "U14.2",
			"C_PATH" : "@msd_foot_main.schematic1(sch_1):ins36411@\\2020-09-26_03-11-53\\.\\mcp6002-ims.normal\\(sch_1):\\vina-\\",
			"Logical" : "N36523",
			"Physical" : null
		},
		{
			"Name" : "U14.6",
			"C_PATH" : "@msd_foot_main.schematic1(sch_1):ins36411@\\2020-09-26_03-11-53\\.\\mcp6002-ims.normal\\(sch_1):\\vinb-\\",
			"Logical" : "N36835",
			"Physical" : null
		},
		{
			"Name" : "U14.1",
			"C_PATH" : "@msd_foot_main.schematic1(sch_1):ins36411@\\2020-09-26_03-11-53\\.\\mcp6002-ims.normal\\(sch_1):VOUTA",
			"Logical" : "MUXA_VOUT2A",
			"Physical" : null
		},
		{
			"Name" : "U14.5",
			"C_PATH" : "@msd_foot_main.schematic1(sch_1):ins36411@\\2020-09-26_03-11-53\\.\\mcp6002-ims.normal\\(sch_1):\\vinb+\\",
			"Logical" : "MUXA_VOUT2A",
			"Physical" : null
		},
		{
			"Name" : "U14.8",
			"C_PATH" : "@msd_foot_main.schematic1(sch_1):ins36411@\\2020-09-26_03-11-53\\.\\mcp6002-ims.normal\\(sch_1):VDD",
			"Logical" : "5V",
			"Physical" : null
		},
		{
			"Name" : "U14.4",
			"C_PATH" : "@msd_foot_main.schematic1(sch_1):ins36411@\\2020-09-26_03-11-53\\.\\mcp6002-ims.normal\\(sch_1):VSS",
			"Logical" : "GND",
			"Physical" : null
		},
		{
			"Name" : "U14.7",
			"C_PATH" : "@msd_foot_main.schematic1(sch_1):ins36411@\\2020-09-26_03-11-53\\.\\mcp6002-ims.normal\\(sch_1):VOUTB",
			"Logical" : "MUXA_VOUT3A",
			"Physical" : null
		},
		{
			"Name" : "U15.2",
			"C_PATH" : "@msd_foot_main.schematic1(sch_1):ins37236@\\2020-09-26_03-11-53\\.\\mcp6002-ims.normal\\(sch_1):\\vina-\\",
			"Logical" : "N37282",
			"Physical" : null
		},
		{
			"Name" : "U15.3",
			"C_PATH" : "@msd_foot_main.schematic1(sch_1):ins37236@\\2020-09-26_03-11-53\\.\\mcp6002-ims.normal\\(sch_1):\\vina+\\",
			"Logical" : "N37358",
			"Physical" : null
		},
		{
			"Name" : "U15.6",
			"C_PATH" : "@msd_foot_main.schematic1(sch_1):ins37236@\\2020-09-26_03-11-53\\.\\mcp6002-ims.normal\\(sch_1):\\vinb-\\",
			"Logical" : "N37362",
			"Physical" : null
		},
		{
			"Name" : "U15.1",
			"C_PATH" : "@msd_foot_main.schematic1(sch_1):ins37236@\\2020-09-26_03-11-53\\.\\mcp6002-ims.normal\\(sch_1):VOUTA",
			"Logical" : "MUXA_VOUT2B",
			"Physical" : null
		},
		{
			"Name" : "U15.5",
			"C_PATH" : "@msd_foot_main.schematic1(sch_1):ins37236@\\2020-09-26_03-11-53\\.\\mcp6002-ims.normal\\(sch_1):\\vinb+\\",
			"Logical" : "MUXA_VOUT2B",
			"Physical" : null
		},
		{
			"Name" : "U15.8",
			"C_PATH" : "@msd_foot_main.schematic1(sch_1):ins37236@\\2020-09-26_03-11-53\\.\\mcp6002-ims.normal\\(sch_1):VDD",
			"Logical" : "5V",
			"Physical" : null
		},
		{
			"Name" : "U15.4",
			"C_PATH" : "@msd_foot_main.schematic1(sch_1):ins37236@\\2020-09-26_03-11-53\\.\\mcp6002-ims.normal\\(sch_1):VSS",
			"Logical" : "GND",
			"Physical" : null
		},
		{
			"Name" : "U15.7",
			"C_PATH" : "@msd_foot_main.schematic1(sch_1):ins37236@\\2020-09-26_03-11-53\\.\\mcp6002-ims.normal\\(sch_1):VOUTB",
			"Logical" : "MUXA_VOUT3B",
			"Physical" : null
		},
		{
			"Name" : "U5.7",
			"C_PATH" : "@msd_foot_main.schematic1(sch_1):ins22018@\\2020-09-26_03-11-53\\.\\mcp6002-ims.normal\\(sch_1):VOUTB",
			"Logical" : "MUXB_OPB",
			"Physical" : "MUXA_OPB"
		}
	]
}
