{
	"Gate Swap" : [],
	"Ref Des" : [],
	"Pin Swap" : [],
	"Component Property" : [],
	"Net Property" : [],
	"Pin Property" : [],
	"Component" : [
		{
			"Name" : "IO2",
			"C_PATH" : "@msd_foot_main.schematic1(sch_1):ins23754@mylib.\\main_nano_connector.normal\\(chips)",
			"Logical" : null,
			"Physical" : "IO2"
		},
		{
			"Name" : "IO2",
			"C_PATH" : "@msd_foot_main.schematic1(sch_1):ins35550@mylib.\\main_nano_connector.normal\\(chips)",
			"Logical" : "IO2",
			"Physical" : null
		}
	],
	"Net" : [],
	"Connection" : [
		{
			"Name" : "IO2.9",
			"C_PATH" : "@msd_foot_main.schematic1(sch_1):ins35550@mylib.\\main_nano_connector.normal\\(chips):SENSE",
			"Logical" : "CNC_DETECT",
			"Physical" : null
		},
		{
			"Name" : "IO2.5",
			"C_PATH" : "@msd_foot_main.schematic1(sch_1):ins35550@mylib.\\main_nano_connector.normal\\(chips):AB",
			"Logical" : "MUXA_OPB",
			"Physical" : null
		},
		{
			"Name" : "IO2.2",
			"C_PATH" : "@msd_foot_main.schematic1(sch_1):ins35550@mylib.\\main_nano_connector.normal\\(chips):\\5v\\",
			"Logical" : "5V",
			"Physical" : null
		},
		{
			"Name" : "IO2.1",
			"C_PATH" : "@msd_foot_main.schematic1(sch_1):ins35550@mylib.\\main_nano_connector.normal\\(chips):GND",
			"Logical" : "GND",
			"Physical" : null
		},
		{
			"Name" : "IO2.11",
			"C_PATH" : "@msd_foot_main.schematic1(sch_1):ins35550@mylib.\\main_nano_connector.normal\\(chips):SEL0",
			"Logical" : "MUXA_SEL0",
			"Physical" : null
		},
		{
			"Name" : "IO2.4",
			"C_PATH" : "@msd_foot_main.schematic1(sch_1):ins35550@mylib.\\main_nano_connector.normal\\(chips):\\3v3\\",
			"Logical" : "3V3",
			"Physical" : null
		},
		{
			"Name" : "IO2.3",
			"C_PATH" : "@msd_foot_main.schematic1(sch_1):ins35550@mylib.\\main_nano_connector.normal\\(chips):AA",
			"Logical" : "MUXA_OPA",
			"Physical" : null
		},
		{
			"Name" : "IO2.6",
			"C_PATH" : "@msd_foot_main.schematic1(sch_1):ins35550@mylib.\\main_nano_connector.normal\\(chips):A1",
			"Logical" : "N23680",
			"Physical" : null
		},
		{
			"Name" : "IO2.7",
			"C_PATH" : "@msd_foot_main.schematic1(sch_1):ins35550@mylib.\\main_nano_connector.normal\\(chips):A2",
			"Logical" : "N23684",
			"Physical" : null
		},
		{
			"Name" : "IO2.8",
			"C_PATH" : "@msd_foot_main.schematic1(sch_1):ins35550@mylib.\\main_nano_connector.normal\\(chips):A3",
			"Logical" : "N23688",
			"Physical" : null
		},
		{
			"Name" : "IO2.12",
			"C_PATH" : "@msd_foot_main.schematic1(sch_1):ins35550@mylib.\\main_nano_connector.normal\\(chips):SEL1",
			"Logical" : "MUXA_SEL1",
			"Physical" : null
		}
	]
}
