<Footprint name="RSV16_TEX" >
  <Units type="mils" precision="3" />
  <Extents minX="-2609.37008666992" minY="-2305.11810302734" width="4368.74017333984" height="3605.23620605469" />
  <Padstack name="RX7p87Y29p53D30P" type="single" > 
    <Layers>
      <Layer name="TOP" >
        <Pad shape="rectangle" width="7.874" height="29.5276" /> 
      </Layer>
      <Layer name="SOLDERMASK_TOP" >
        <Pad shape="rectangle" width="7.874" height="29.5276" /> 
      </Layer>
      <Layer name="PASTEMASK_TOP" >
        <Pad shape="rectangle" width="7.874" height="29.5276" /> 
      </Layer>
    </Layers>
  </Padstack>
  <Padstack name="RX7p87Y25p59D0T" type="single" > 
    <Layers>
      <Layer name="TOP" >
        <Pad shape="rectangle" width="7.874" height="25.5905" /> 
      </Layer>
      <Layer name="PASTEMASK_TOP" >
        <Pad shape="circle" width="1" height="1" /> 
      </Layer>
      <Layer name="SOLDERMASK_TOP" >
        <Pad shape="rectangle" width="7.874" height="25.5905" /> 
      </Layer>
    </Layers>
  </Padstack>

  <Padstack name="RX7p87Y29p53D30P" type="single" > 
    <Layers>
      <Layer name="TOP" >
        <Pad shape="rectangle" width="7.874" height="29.5276" /> 
      </Layer>
      <Layer name="SOLDERMASK_TOP" >
        <Pad shape="rectangle" width="7.874" height="29.5276" /> 
      </Layer>
      <Layer name="PASTEMASK_TOP" >
        <Pad shape="rectangle" width="7.874" height="29.5276" /> 
      </Layer>
    </Layers>
  </Padstack>
  <Padstack name="RX7p87Y25p59D0T" type="single" > 
    <Layers>
      <Layer name="TOP" >
        <Pad shape="rectangle" width="7.874" height="25.5905" /> 
      </Layer>
      <Layer name="PASTEMASK_TOP" >
        <Pad shape="circle" width="1" height="1" /> 
      </Layer>
      <Layer name="SOLDERMASK_TOP" >
        <Pad shape="rectangle" width="7.874" height="25.5905" /> 
      </Layer>
    </Layers>
  </Padstack>
  <TextBlocks>
    <TextBlock name="17" width="6.25" height="25" lineSpacing="25" characterSpacing="6.25" /> 
  </TextBlocks>

  <Pins>
    <Pin number="1" padName="RX7p87Y29p53D30P" originX="-28.5118" originY="23.622" rotation="270" isMechanical="no" textBlockName="17" />
    <Pin number="2" padName="RX7p87Y25p59D0T" originX="-30.5118" originY="7.874" rotation="270" isMechanical="no" textBlockName="17" />
    <Pin number="3" padName="RX7p87Y25p59D0T" originX="-30.5118" originY="-7.874" rotation="270" isMechanical="no" textBlockName="17" />
    <Pin number="4" padName="RX7p87Y25p59D0T" originX="-30.5118" originY="-23.622" rotation="270" isMechanical="no" textBlockName="17" />
    <Pin number="5" padName="RX7p87Y25p59D0T" originX="-23.622" originY="-46.2598" rotation="180" isMechanical="no" textBlockName="17" />
    <Pin number="6" padName="RX7p87Y25p59D0T" originX="-7.874" originY="-46.2598" rotation="180" isMechanical="no" textBlockName="17" />
    <Pin number="7" padName="RX7p87Y25p59D0T" originX="7.874" originY="-46.2598" rotation="180" isMechanical="no" textBlockName="17" />
    <Pin number="8" padName="RX7p87Y25p59D0T" originX="23.622" originY="-46.2598" rotation="180" isMechanical="no" textBlockName="17" />
    <Pin number="9" padName="RX7p87Y25p59D0T" originX="30.5118" originY="-23.622" rotation="270" isMechanical="no" textBlockName="17" />
    <Pin number="10" padName="RX7p87Y25p59D0T" originX="30.5118" originY="-7.874" rotation="270" isMechanical="no" textBlockName="17" />
    <Pin number="11" padName="RX7p87Y25p59D0T" originX="30.5118" originY="7.874" rotation="270" isMechanical="no" textBlockName="17" />
    <Pin number="12" padName="RX7p87Y25p59D0T" originX="30.5118" originY="23.622" rotation="270" isMechanical="no" textBlockName="17" />
    <Pin number="13" padName="RX7p87Y25p59D0T" originX="23.622" originY="46.2598" rotation="180" isMechanical="no" textBlockName="17" />
    <Pin number="14" padName="RX7p87Y25p59D0T" originX="7.874" originY="46.2598" rotation="180" isMechanical="no" textBlockName="17" />
    <Pin number="15" padName="RX7p87Y25p59D0T" originX="-7.874" originY="46.2598" rotation="180" isMechanical="no" textBlockName="17" />
    <Pin number="16" padName="RX7p87Y25p59D0T" originX="-23.622" originY="46.2598" rotation="180" isMechanical="no" textBlockName="17" />
  </Pins>
  <Vias>
  </Vias>
  <Layers>
    <Layer name="PACKAGE GEOMETRY/SILKSCREEN_TOP" packageHeight="21.6535" >
      <Path lineWidth="0" type="shape" >
        <Point x="63.3071" y="-.374" />
        <Point x="63.3071" y="-15.374" />
        <Point x="53.3071" y="-15.374" />
        <Point x="53.3071" y="-.374" />
        <Point x="63.3071" y="-.374" />
      </Path>
    </Layer>
    <Layer name="PACKAGE GEOMETRY/PASTEMASK_TOP" packageHeight="21.6535" >
      <Path lineWidth="0" type="shape" >
        <Point x="-42.3228" y="26.5748" />
        <Point x="-42.3228" y="20.6693" />
        <Point x="-18.7008" y="20.6693" />
        <Point x="-18.7008" y="26.5748" />
        <Point x="-42.3228" y="26.5748" />
      </Path>
    </Layer>
    <Layer name="PACKAGE GEOMETRY/PASTEMASK_TOP" packageHeight="21.6535" >
      <Path lineWidth="0" type="shape" >
        <Point x="-42.3228" y="10.8268" />
        <Point x="-42.3228" y="4.9213" />
        <Point x="-18.7008" y="4.9213" />
        <Point x="-18.7008" y="10.8268" />
        <Point x="-42.3228" y="10.8268" />
      </Path>
    </Layer>
    <Layer name="PACKAGE GEOMETRY/PASTEMASK_TOP" packageHeight="21.6535" >
      <Path lineWidth="0" type="shape" >
        <Point x="-42.3228" y="-4.9213" />
        <Point x="-42.3228" y="-10.8268" />
        <Point x="-18.7008" y="-10.8268" />
        <Point x="-18.7008" y="-4.9213" />
        <Point x="-42.3228" y="-4.9213" />
      </Path>
    </Layer>
    <Layer name="PACKAGE GEOMETRY/PASTEMASK_TOP" packageHeight="21.6535" >
      <Path lineWidth="0" type="shape" >
        <Point x="-42.3228" y="-20.6693" />
        <Point x="-42.3228" y="-26.5748" />
        <Point x="-18.7008" y="-26.5748" />
        <Point x="-18.7008" y="-20.6693" />
        <Point x="-42.3228" y="-20.6693" />
      </Path>
    </Layer>
    <Layer name="PACKAGE GEOMETRY/PASTEMASK_TOP" packageHeight="21.6535" >
      <Path lineWidth="0" type="shape" >
        <Point x="-26.5748" y="-34.4488" />
        <Point x="-26.5748" y="-58.0709" />
        <Point x="-20.6693" y="-58.0709" />
        <Point x="-20.6693" y="-34.4488" />
        <Point x="-26.5748" y="-34.4488" />
      </Path>
    </Layer>
    <Layer name="PACKAGE GEOMETRY/PASTEMASK_TOP" packageHeight="21.6535" >
      <Path lineWidth="0" type="shape" >
        <Point x="-10.8268" y="-34.4488" />
        <Point x="-10.8268" y="-58.0709" />
        <Point x="-4.9213" y="-58.0709" />
        <Point x="-4.9213" y="-34.4488" />
        <Point x="-10.8268" y="-34.4488" />
      </Path>
    </Layer>
    <Layer name="PACKAGE GEOMETRY/PASTEMASK_TOP" packageHeight="21.6535" >
      <Path lineWidth="0" type="shape" >
        <Point x="4.9213" y="-34.4488" />
        <Point x="4.9213" y="-58.0709" />
        <Point x="10.8268" y="-58.0709" />
        <Point x="10.8268" y="-34.4488" />
        <Point x="4.9213" y="-34.4488" />
      </Path>
    </Layer>
    <Layer name="PACKAGE GEOMETRY/PASTEMASK_TOP" packageHeight="21.6535" >
      <Path lineWidth="0" type="shape" >
        <Point x="20.6693" y="-34.4488" />
        <Point x="20.6693" y="-58.0709" />
        <Point x="26.5748" y="-58.0709" />
        <Point x="26.5748" y="-34.4488" />
        <Point x="20.6693" y="-34.4488" />
      </Path>
    </Layer>
    <Layer name="PACKAGE GEOMETRY/PASTEMASK_TOP" packageHeight="21.6535" >
      <Path lineWidth="0" type="shape" >
        <Point x="18.7008" y="-20.6693" />
        <Point x="18.7008" y="-26.5748" />
        <Point x="42.3228" y="-26.5748" />
        <Point x="42.3228" y="-20.6693" />
        <Point x="18.7008" y="-20.6693" />
      </Path>
    </Layer>
    <Layer name="PACKAGE GEOMETRY/PASTEMASK_TOP" packageHeight="21.6535" >
      <Path lineWidth="0" type="shape" >
        <Point x="18.7008" y="-4.9213" />
        <Point x="18.7008" y="-10.8268" />
        <Point x="42.3228" y="-10.8268" />
        <Point x="42.3228" y="-4.9213" />
        <Point x="18.7008" y="-4.9213" />
      </Path>
    </Layer>
    <Layer name="PACKAGE GEOMETRY/PASTEMASK_TOP" packageHeight="21.6535" >
      <Path lineWidth="0" type="shape" >
        <Point x="18.7008" y="10.8268" />
        <Point x="18.7008" y="4.9213" />
        <Point x="42.3228" y="4.9213" />
        <Point x="42.3228" y="10.8268" />
        <Point x="18.7008" y="10.8268" />
      </Path>
    </Layer>
    <Layer name="PACKAGE GEOMETRY/PASTEMASK_TOP" packageHeight="21.6535" >
      <Path lineWidth="0" type="shape" >
        <Point x="18.7008" y="26.5748" />
        <Point x="18.7008" y="20.6693" />
        <Point x="42.3228" y="20.6693" />
        <Point x="42.3228" y="26.5748" />
        <Point x="18.7008" y="26.5748" />
      </Path>
    </Layer>
    <Layer name="PACKAGE GEOMETRY/PASTEMASK_TOP" packageHeight="21.6535" >
      <Path lineWidth="0" type="shape" >
        <Point x="20.6693" y="58.0709" />
        <Point x="20.6693" y="34.4488" />
        <Point x="26.5748" y="34.4488" />
        <Point x="26.5748" y="58.0709" />
        <Point x="20.6693" y="58.0709" />
      </Path>
    </Layer>
    <Layer name="PACKAGE GEOMETRY/PASTEMASK_TOP" packageHeight="21.6535" >
      <Path lineWidth="0" type="shape" >
        <Point x="4.9213" y="58.0709" />
        <Point x="4.9213" y="34.4488" />
        <Point x="10.8268" y="34.4488" />
        <Point x="10.8268" y="58.0709" />
        <Point x="4.9213" y="58.0709" />
      </Path>
    </Layer>
    <Layer name="PACKAGE GEOMETRY/PASTEMASK_TOP" packageHeight="21.6535" >
      <Path lineWidth="0" type="shape" >
        <Point x="-10.8268" y="58.0709" />
        <Point x="-10.8268" y="34.4488" />
        <Point x="-4.9213" y="34.4488" />
        <Point x="-4.9213" y="58.0709" />
        <Point x="-10.8268" y="58.0709" />
      </Path>
    </Layer>
    <Layer name="PACKAGE GEOMETRY/PASTEMASK_TOP" packageHeight="21.6535" >
      <Path lineWidth="0" type="shape" >
        <Point x="-26.5748" y="58.0709" />
        <Point x="-26.5748" y="34.4488" />
        <Point x="-20.6693" y="34.4488" />
        <Point x="-20.6693" y="58.0709" />
        <Point x="-26.5748" y="58.0709" />
      </Path>
    </Layer>
    <Layer name="PACKAGE GEOMETRY/SOLDERMASK_TOP" packageHeight="21.6535" >
      <Path lineWidth="0" type="shape" >
        <Point x="-45.2756" y="29.5276" />
        <Point x="-45.2756" y="17.7165" />
        <Point x="-15.748" y="17.7165" />
        <Point x="-15.748" y="29.5276" />
        <Point x="-45.2756" y="29.5276" />
      </Path>
    </Layer>
    <Layer name="PACKAGE GEOMETRY/SOLDERMASK_TOP" packageHeight="21.6535" >
      <Path lineWidth="0" type="shape" >
        <Point x="-45.2756" y="13.7795" />
        <Point x="-45.2756" y="1.9685" />
        <Point x="-15.748" y="1.9685" />
        <Point x="-15.748" y="13.7795" />
        <Point x="-45.2756" y="13.7795" />
      </Path>
    </Layer>
    <Layer name="PACKAGE GEOMETRY/SOLDERMASK_TOP" packageHeight="21.6535" >
      <Path lineWidth="0" type="shape" >
        <Point x="-45.2756" y="-1.9685" />
        <Point x="-45.2756" y="-13.7795" />
        <Point x="-15.748" y="-13.7795" />
        <Point x="-15.748" y="-1.9685" />
        <Point x="-45.2756" y="-1.9685" />
      </Path>
    </Layer>
    <Layer name="PACKAGE GEOMETRY/SOLDERMASK_TOP" packageHeight="21.6535" >
      <Path lineWidth="0" type="shape" >
        <Point x="-45.2756" y="-17.7165" />
        <Point x="-45.2756" y="-29.5276" />
        <Point x="-15.748" y="-29.5276" />
        <Point x="-15.748" y="-17.7165" />
        <Point x="-45.2756" y="-17.7165" />
      </Path>
    </Layer>
    <Layer name="PACKAGE GEOMETRY/SOLDERMASK_TOP" packageHeight="21.6535" >
      <Path lineWidth="0" type="shape" >
        <Point x="-29.5276" y="-31.4961" />
        <Point x="-29.5276" y="-61.0236" />
        <Point x="-17.7165" y="-61.0236" />
        <Point x="-17.7165" y="-31.4961" />
        <Point x="-29.5276" y="-31.4961" />
      </Path>
    </Layer>
    <Layer name="PACKAGE GEOMETRY/SOLDERMASK_TOP" packageHeight="21.6535" >
      <Path lineWidth="0" type="shape" >
        <Point x="-13.7795" y="-31.4961" />
        <Point x="-13.7795" y="-61.0236" />
        <Point x="-1.9685" y="-61.0236" />
        <Point x="-1.9685" y="-31.4961" />
        <Point x="-13.7795" y="-31.4961" />
      </Path>
    </Layer>
    <Layer name="PACKAGE GEOMETRY/SOLDERMASK_TOP" packageHeight="21.6535" >
      <Path lineWidth="0" type="shape" >
        <Point x="1.9685" y="-31.4961" />
        <Point x="1.9685" y="-61.0236" />
        <Point x="13.7795" y="-61.0236" />
        <Point x="13.7795" y="-31.4961" />
        <Point x="1.9685" y="-31.4961" />
      </Path>
    </Layer>
    <Layer name="PACKAGE GEOMETRY/SOLDERMASK_TOP" packageHeight="21.6535" >
      <Path lineWidth="0" type="shape" >
        <Point x="17.7165" y="-31.4961" />
        <Point x="17.7165" y="-61.0236" />
        <Point x="29.5276" y="-61.0236" />
        <Point x="29.5276" y="-31.4961" />
        <Point x="17.7165" y="-31.4961" />
      </Path>
    </Layer>
    <Layer name="PACKAGE GEOMETRY/SOLDERMASK_TOP" packageHeight="21.6535" >
      <Path lineWidth="0" type="shape" >
        <Point x="15.748" y="-17.7165" />
        <Point x="15.748" y="-29.5276" />
        <Point x="45.2756" y="-29.5276" />
        <Point x="45.2756" y="-17.7165" />
        <Point x="15.748" y="-17.7165" />
      </Path>
    </Layer>
    <Layer name="PACKAGE GEOMETRY/SOLDERMASK_TOP" packageHeight="21.6535" >
      <Path lineWidth="0" type="shape" >
        <Point x="15.748" y="-1.9685" />
        <Point x="15.748" y="-13.7795" />
        <Point x="45.2756" y="-13.7795" />
        <Point x="45.2756" y="-1.9685" />
        <Point x="15.748" y="-1.9685" />
      </Path>
    </Layer>
    <Layer name="PACKAGE GEOMETRY/SOLDERMASK_TOP" packageHeight="21.6535" >
      <Path lineWidth="0" type="shape" >
        <Point x="15.748" y="13.7795" />
        <Point x="15.748" y="1.9685" />
        <Point x="45.2756" y="1.9685" />
        <Point x="45.2756" y="13.7795" />
        <Point x="15.748" y="13.7795" />
      </Path>
    </Layer>
    <Layer name="PACKAGE GEOMETRY/SOLDERMASK_TOP" packageHeight="21.6535" >
      <Path lineWidth="0" type="shape" >
        <Point x="15.748" y="29.5276" />
        <Point x="15.748" y="17.7165" />
        <Point x="45.2756" y="17.7165" />
        <Point x="45.2756" y="29.5276" />
        <Point x="15.748" y="29.5276" />
      </Path>
    </Layer>
    <Layer name="PACKAGE GEOMETRY/SOLDERMASK_TOP" packageHeight="21.6535" >
      <Path lineWidth="0" type="shape" >
        <Point x="17.7165" y="61.0236" />
        <Point x="17.7165" y="31.4961" />
        <Point x="29.5276" y="31.4961" />
        <Point x="29.5276" y="61.0236" />
        <Point x="17.7165" y="61.0236" />
      </Path>
    </Layer>
    <Layer name="PACKAGE GEOMETRY/SOLDERMASK_TOP" packageHeight="21.6535" >
      <Path lineWidth="0" type="shape" >
        <Point x="1.9685" y="61.0236" />
        <Point x="1.9685" y="31.4961" />
        <Point x="13.7795" y="31.4961" />
        <Point x="13.7795" y="61.0236" />
        <Point x="1.9685" y="61.0236" />
      </Path>
    </Layer>
    <Layer name="PACKAGE GEOMETRY/SOLDERMASK_TOP" packageHeight="21.6535" >
      <Path lineWidth="0" type="shape" >
        <Point x="-13.7795" y="61.0236" />
        <Point x="-13.7795" y="31.4961" />
        <Point x="-1.9685" y="31.4961" />
        <Point x="-1.9685" y="61.0236" />
        <Point x="-13.7795" y="61.0236" />
      </Path>
    </Layer>
    <Layer name="PACKAGE GEOMETRY/SOLDERMASK_TOP" packageHeight="21.6535" >
      <Path lineWidth="0" type="shape" >
        <Point x="-29.5276" y="61.0236" />
        <Point x="-29.5276" y="31.4961" />
        <Point x="-17.7165" y="31.4961" />
        <Point x="-17.7165" y="61.0236" />
        <Point x="-29.5276" y="61.0236" />
      </Path>
    </Layer>
    <Layer name="PACKAGE GEOMETRY/PLACE_BOUND_TOP" packageHeight="21.6535" packageHeightMin="0">
      <Path lineWidth="6" type="shape" >
        <Point x="-53.3071" y="-69.0551" />
        <Point x="-53.3071" y="69.0551" />
        <Point x="53.3071" y="69.0551" />
        <Point x="53.3071" y="-69.0551" />
        <Point x="-53.3071" y="-69.0551" />
      </Path>
    </Layer>
    <Layer name="MANUFACTURING/NO_PROBE_TOP" packageHeight="21.6535" >
      <Path lineWidth="6" type="shape" >
        <Point x="-68.3071" y="-84.0551" />
        <Point x="-68.3071" y="84.0551" />
        <Point x="68.3071" y="84.0551" />
        <Point x="68.3071" y="-84.0551" />
        <Point x="-68.3071" y="-84.0551" />
      </Path>
    </Layer>
    <Layer name="REF DES/SILKSCREEN_TOP" packageHeight="21.6535" >
      <Label layer="REF DES/SILKSCREEN_TOP" textBlock="3" angle="0" x="0" y="-25" text="Ref" justify="center" />
    </Layer>
    <Layer name="DEVICE TYPE/SILKSCREEN_TOP" packageHeight="21.6535" >
      <Label layer="DEVICE TYPE/SILKSCREEN_TOP" textBlock="3" angle="0" x="0" y="-25" text="Dev" justify="center" />
    </Layer>
    <Layer name="USER PART NUMBER/SILKSCREEN_TOP" packageHeight="21.6535" >
      <Label layer="USER PART NUMBER/SILKSCREEN_TOP" textBlock="3" angle="0" x="0" y="-25" text="PN" justify="center" />
    </Layer>
    <Layer name="DEVICE TYPE/ASSEMBLY_TOP" packageHeight="21.6535" >
      <Label layer="DEVICE TYPE/ASSEMBLY_TOP" textBlock="3" angle="0" x="0" y="-25" text="DEV" justify="center" />
    </Layer>
    <Layer name="COMPONENT VALUE/SILKSCREEN_TOP" packageHeight="21.6535" >
      <Label layer="COMPONENT VALUE/SILKSCREEN_TOP" textBlock="3" angle="0" x="0" y="-25" text="VAL" justify="center" />
    </Layer>
    <Layer name="TOLERANCE/SILKSCREEN_TOP" packageHeight="21.6535" >
      <Label layer="TOLERANCE/SILKSCREEN_TOP" textBlock="3" angle="0" x="0" y="-25" text="TOL" justify="center" />
    </Layer>
    <Layer name="REF DES/ASSEMBLY_TOP" packageHeight="21.6535" >
      <Label layer="REF DES/ASSEMBLY_TOP" textBlock="3" angle="0" x="0" y="-25" text="Ref" justify="center" />
    </Layer>
    <Layer name="PACKAGE GEOMETRY/SILKSCREEN_TOP" packageHeight="21.6535" >
      <Label layer="PACKAGE GEOMETRY/SILKSCREEN_TOP" textBlock="3" angle="0" x="-68.3071" y="21.496" text="*" justify="center" />
    </Layer>
    <Layer name="PACKAGE GEOMETRY/ASSEMBLY_TOP" packageHeight="21.6535" >
      <Label layer="PACKAGE GEOMETRY/ASSEMBLY_TOP" textBlock="3" angle="0" x="-68.3071" y="21.496" text="*" justify="center" />
    </Layer>
    <Layer name="PACKAGE GEOMETRY/ASSEMBLY_TOP" packageHeight="21.6535" >
      <Path lineWidth="0" type="line" >
        <Point x="-36.4173" y="2.1653" />
        <Point x="13.5827" y="52.1654" />
      </Path>
    </Layer>
    <Layer name="PACKAGE GEOMETRY/ASSEMBLY_TOP" packageHeight="21.6535" >
      <Path lineWidth="0" type="line" >
        <Point x="18.7008" y="52.1654" />
        <Point x="28.5433" y="52.1654" />
      </Path>
    </Layer>
    <Layer name="PACKAGE GEOMETRY/ASSEMBLY_TOP" packageHeight="21.6535" >
      <Path lineWidth="0" type="line" >
        <Point x="28.5433" y="52.1654" />
        <Point x="28.5433" y="52.1654" />
      </Path>
    </Layer>
    <Layer name="PACKAGE GEOMETRY/ASSEMBLY_TOP" packageHeight="21.6535" >
      <Path lineWidth="0" type="line" >
        <Point x="28.5433" y="52.1654" />
        <Point x="18.7008" y="52.1654" />
      </Path>
    </Layer>
    <Layer name="PACKAGE GEOMETRY/ASSEMBLY_TOP" packageHeight="21.6535" >
      <Path lineWidth="0" type="line" >
        <Point x="18.7008" y="52.1654" />
        <Point x="18.7008" y="52.1654" />
      </Path>
    </Layer>
    <Layer name="PACKAGE GEOMETRY/ASSEMBLY_TOP" packageHeight="21.6535" >
      <Path lineWidth="0" type="line" >
        <Point x="2.9528" y="52.1654" />
        <Point x="12.7953" y="52.1654" />
      </Path>
    </Layer>
    <Layer name="PACKAGE GEOMETRY/ASSEMBLY_TOP" packageHeight="21.6535" >
      <Path lineWidth="0" type="line" >
        <Point x="12.7953" y="52.1654" />
        <Point x="12.7953" y="52.1654" />
      </Path>
    </Layer>
    <Layer name="PACKAGE GEOMETRY/ASSEMBLY_TOP" packageHeight="21.6535" >
      <Path lineWidth="0" type="line" >
        <Point x="12.7953" y="52.1654" />
        <Point x="2.9528" y="52.1654" />
      </Path>
    </Layer>
    <Layer name="PACKAGE GEOMETRY/ASSEMBLY_TOP" packageHeight="21.6535" >
      <Path lineWidth="0" type="line" >
        <Point x="2.9528" y="52.1654" />
        <Point x="2.9528" y="52.1654" />
      </Path>
    </Layer>
    <Layer name="PACKAGE GEOMETRY/ASSEMBLY_TOP" packageHeight="21.6535" >
      <Path lineWidth="0" type="line" >
        <Point x="-12.7953" y="52.1654" />
        <Point x="-2.9528" y="52.1654" />
      </Path>
    </Layer>
    <Layer name="PACKAGE GEOMETRY/ASSEMBLY_TOP" packageHeight="21.6535" >
      <Path lineWidth="0" type="line" >
        <Point x="-2.9528" y="52.1654" />
        <Point x="-2.9528" y="52.1654" />
      </Path>
    </Layer>
    <Layer name="PACKAGE GEOMETRY/ASSEMBLY_TOP" packageHeight="21.6535" >
      <Path lineWidth="0" type="line" >
        <Point x="-2.9528" y="52.1654" />
        <Point x="-12.7953" y="52.1654" />
      </Path>
    </Layer>
    <Layer name="PACKAGE GEOMETRY/ASSEMBLY_TOP" packageHeight="21.6535" >
      <Path lineWidth="0" type="line" >
        <Point x="-12.7953" y="52.1654" />
        <Point x="-12.7953" y="52.1654" />
      </Path>
    </Layer>
    <Layer name="PACKAGE GEOMETRY/ASSEMBLY_TOP" packageHeight="21.6535" >
      <Path lineWidth="0" type="line" >
        <Point x="-28.5433" y="52.1654" />
        <Point x="-18.7008" y="52.1654" />
      </Path>
    </Layer>
    <Layer name="PACKAGE GEOMETRY/ASSEMBLY_TOP" packageHeight="21.6535" >
      <Path lineWidth="0" type="line" >
        <Point x="-18.7008" y="52.1654" />
        <Point x="-18.7008" y="52.1654" />
      </Path>
    </Layer>
    <Layer name="PACKAGE GEOMETRY/ASSEMBLY_TOP" packageHeight="21.6535" >
      <Path lineWidth="0" type="line" >
        <Point x="-18.7008" y="52.1654" />
        <Point x="-28.5433" y="52.1654" />
      </Path>
    </Layer>
    <Layer name="PACKAGE GEOMETRY/ASSEMBLY_TOP" packageHeight="21.6535" >
      <Path lineWidth="0" type="line" >
        <Point x="-28.5433" y="52.1654" />
        <Point x="-28.5433" y="52.1654" />
      </Path>
    </Layer>
    <Layer name="PACKAGE GEOMETRY/ASSEMBLY_TOP" packageHeight="21.6535" >
      <Path lineWidth="0" type="line" >
        <Point x="-36.4173" y="18.7008" />
        <Point x="-36.4173" y="28.5433" />
      </Path>
    </Layer>
    <Layer name="PACKAGE GEOMETRY/ASSEMBLY_TOP" packageHeight="21.6535" >
      <Path lineWidth="0" type="line" >
        <Point x="-36.4173" y="28.5433" />
        <Point x="-36.4173" y="28.5433" />
      </Path>
    </Layer>
    <Layer name="PACKAGE GEOMETRY/ASSEMBLY_TOP" packageHeight="21.6535" >
      <Path lineWidth="0" type="line" >
        <Point x="-36.4173" y="28.5433" />
        <Point x="-36.4173" y="18.7008" />
      </Path>
    </Layer>
    <Layer name="PACKAGE GEOMETRY/ASSEMBLY_TOP" packageHeight="21.6535" >
      <Path lineWidth="0" type="line" >
        <Point x="-36.4173" y="18.7008" />
        <Point x="-36.4173" y="18.7008" />
      </Path>
    </Layer>
    <Layer name="PACKAGE GEOMETRY/ASSEMBLY_TOP" packageHeight="21.6535" >
      <Path lineWidth="0" type="line" >
        <Point x="-36.4173" y="2.9528" />
        <Point x="-36.4173" y="12.7953" />
      </Path>
    </Layer>
    <Layer name="PACKAGE GEOMETRY/ASSEMBLY_TOP" packageHeight="21.6535" >
      <Path lineWidth="0" type="line" >
        <Point x="-36.4173" y="12.7953" />
        <Point x="-36.4173" y="12.7953" />
      </Path>
    </Layer>
    <Layer name="PACKAGE GEOMETRY/ASSEMBLY_TOP" packageHeight="21.6535" >
      <Path lineWidth="0" type="line" >
        <Point x="-36.4173" y="12.7953" />
        <Point x="-36.4173" y="2.9528" />
      </Path>
    </Layer>
    <Layer name="PACKAGE GEOMETRY/ASSEMBLY_TOP" packageHeight="21.6535" >
      <Path lineWidth="0" type="line" >
        <Point x="-36.4173" y="2.9528" />
        <Point x="-36.4173" y="2.9528" />
      </Path>
    </Layer>
    <Layer name="PACKAGE GEOMETRY/ASSEMBLY_TOP" packageHeight="21.6535" >
      <Path lineWidth="0" type="line" >
        <Point x="-36.4173" y="-12.7953" />
        <Point x="-36.4173" y="-2.9528" />
      </Path>
    </Layer>
    <Layer name="PACKAGE GEOMETRY/ASSEMBLY_TOP" packageHeight="21.6535" >
      <Path lineWidth="0" type="line" >
        <Point x="-36.4173" y="-2.9528" />
        <Point x="-36.4173" y="-2.9528" />
      </Path>
    </Layer>
    <Layer name="PACKAGE GEOMETRY/ASSEMBLY_TOP" packageHeight="21.6535" >
      <Path lineWidth="0" type="line" >
        <Point x="-36.4173" y="-2.9528" />
        <Point x="-36.4173" y="-12.7953" />
      </Path>
    </Layer>
    <Layer name="PACKAGE GEOMETRY/ASSEMBLY_TOP" packageHeight="21.6535" >
      <Path lineWidth="0" type="line" >
        <Point x="-36.4173" y="-12.7953" />
        <Point x="-36.4173" y="-12.7953" />
      </Path>
    </Layer>
    <Layer name="PACKAGE GEOMETRY/ASSEMBLY_TOP" packageHeight="21.6535" >
      <Path lineWidth="0" type="line" >
        <Point x="-36.4173" y="-28.5433" />
        <Point x="-36.4173" y="-18.7008" />
      </Path>
    </Layer>
    <Layer name="PACKAGE GEOMETRY/ASSEMBLY_TOP" packageHeight="21.6535" >
      <Path lineWidth="0" type="line" >
        <Point x="-36.4173" y="-18.7008" />
        <Point x="-36.4173" y="-18.7008" />
      </Path>
    </Layer>
    <Layer name="PACKAGE GEOMETRY/ASSEMBLY_TOP" packageHeight="21.6535" >
      <Path lineWidth="0" type="line" >
        <Point x="-36.4173" y="-18.7008" />
        <Point x="-36.4173" y="-28.5433" />
      </Path>
    </Layer>
    <Layer name="PACKAGE GEOMETRY/ASSEMBLY_TOP" packageHeight="21.6535" >
      <Path lineWidth="0" type="line" >
        <Point x="-36.4173" y="-28.5433" />
        <Point x="-36.4173" y="-28.5433" />
      </Path>
    </Layer>
    <Layer name="PACKAGE GEOMETRY/ASSEMBLY_TOP" packageHeight="21.6535" >
      <Path lineWidth="0" type="line" >
        <Point x="-18.7008" y="-52.1654" />
        <Point x="-28.5433" y="-52.1654" />
      </Path>
    </Layer>
    <Layer name="PACKAGE GEOMETRY/ASSEMBLY_TOP" packageHeight="21.6535" >
      <Path lineWidth="0" type="line" >
        <Point x="-28.5433" y="-52.1654" />
        <Point x="-28.5433" y="-52.1654" />
      </Path>
    </Layer>
    <Layer name="PACKAGE GEOMETRY/ASSEMBLY_TOP" packageHeight="21.6535" >
      <Path lineWidth="0" type="line" >
        <Point x="-28.5433" y="-52.1654" />
        <Point x="-18.7008" y="-52.1654" />
      </Path>
    </Layer>
    <Layer name="PACKAGE GEOMETRY/ASSEMBLY_TOP" packageHeight="21.6535" >
      <Path lineWidth="0" type="line" >
        <Point x="-18.7008" y="-52.1654" />
        <Point x="-18.7008" y="-52.1654" />
      </Path>
    </Layer>
    <Layer name="PACKAGE GEOMETRY/ASSEMBLY_TOP" packageHeight="21.6535" >
      <Path lineWidth="0" type="line" >
        <Point x="-2.9528" y="-52.1654" />
        <Point x="-12.7953" y="-52.1654" />
      </Path>
    </Layer>
    <Layer name="PACKAGE GEOMETRY/ASSEMBLY_TOP" packageHeight="21.6535" >
      <Path lineWidth="0" type="line" >
        <Point x="-12.7953" y="-52.1654" />
        <Point x="-12.7953" y="-52.1654" />
      </Path>
    </Layer>
    <Layer name="PACKAGE GEOMETRY/ASSEMBLY_TOP" packageHeight="21.6535" >
      <Path lineWidth="0" type="line" >
        <Point x="-12.7953" y="-52.1654" />
        <Point x="-2.9528" y="-52.1654" />
      </Path>
    </Layer>
    <Layer name="PACKAGE GEOMETRY/ASSEMBLY_TOP" packageHeight="21.6535" >
      <Path lineWidth="0" type="line" >
        <Point x="-2.9528" y="-52.1654" />
        <Point x="-2.9528" y="-52.1654" />
      </Path>
    </Layer>
    <Layer name="PACKAGE GEOMETRY/ASSEMBLY_TOP" packageHeight="21.6535" >
      <Path lineWidth="0" type="line" >
        <Point x="12.7953" y="-52.1654" />
        <Point x="2.9528" y="-52.1654" />
      </Path>
    </Layer>
    <Layer name="PACKAGE GEOMETRY/ASSEMBLY_TOP" packageHeight="21.6535" >
      <Path lineWidth="0" type="line" >
        <Point x="2.9528" y="-52.1654" />
        <Point x="2.9528" y="-52.1654" />
      </Path>
    </Layer>
    <Layer name="PACKAGE GEOMETRY/ASSEMBLY_TOP" packageHeight="21.6535" >
      <Path lineWidth="0" type="line" >
        <Point x="2.9528" y="-52.1654" />
        <Point x="12.7953" y="-52.1654" />
      </Path>
    </Layer>
    <Layer name="PACKAGE GEOMETRY/ASSEMBLY_TOP" packageHeight="21.6535" >
      <Path lineWidth="0" type="line" >
        <Point x="12.7953" y="-52.1654" />
        <Point x="12.7953" y="-52.1654" />
      </Path>
    </Layer>
    <Layer name="PACKAGE GEOMETRY/ASSEMBLY_TOP" packageHeight="21.6535" >
      <Path lineWidth="0" type="line" >
        <Point x="28.5433" y="-52.1654" />
        <Point x="18.7008" y="-52.1654" />
      </Path>
    </Layer>
    <Layer name="PACKAGE GEOMETRY/ASSEMBLY_TOP" packageHeight="21.6535" >
      <Path lineWidth="0" type="line" >
        <Point x="18.7008" y="-52.1654" />
        <Point x="18.7008" y="-52.1654" />
      </Path>
    </Layer>
    <Layer name="PACKAGE GEOMETRY/ASSEMBLY_TOP" packageHeight="21.6535" >
      <Path lineWidth="0" type="line" >
        <Point x="18.7008" y="-52.1654" />
        <Point x="28.5433" y="-52.1654" />
      </Path>
    </Layer>
    <Layer name="PACKAGE GEOMETRY/ASSEMBLY_TOP" packageHeight="21.6535" >
      <Path lineWidth="0" type="line" >
        <Point x="28.5433" y="-52.1654" />
        <Point x="28.5433" y="-52.1654" />
      </Path>
    </Layer>
    <Layer name="PACKAGE GEOMETRY/ASSEMBLY_TOP" packageHeight="21.6535" >
      <Path lineWidth="0" type="line" >
        <Point x="36.4173" y="-18.7008" />
        <Point x="36.4173" y="-28.5433" />
      </Path>
    </Layer>
    <Layer name="PACKAGE GEOMETRY/ASSEMBLY_TOP" packageHeight="21.6535" >
      <Path lineWidth="0" type="line" >
        <Point x="36.4173" y="-28.5433" />
        <Point x="36.4173" y="-28.5433" />
      </Path>
    </Layer>
    <Layer name="PACKAGE GEOMETRY/ASSEMBLY_TOP" packageHeight="21.6535" >
      <Path lineWidth="0" type="line" >
        <Point x="36.4173" y="-28.5433" />
        <Point x="36.4173" y="-18.7008" />
      </Path>
    </Layer>
    <Layer name="PACKAGE GEOMETRY/ASSEMBLY_TOP" packageHeight="21.6535" >
      <Path lineWidth="0" type="line" >
        <Point x="36.4173" y="-18.7008" />
        <Point x="36.4173" y="-18.7008" />
      </Path>
    </Layer>
    <Layer name="PACKAGE GEOMETRY/ASSEMBLY_TOP" packageHeight="21.6535" >
      <Path lineWidth="0" type="line" >
        <Point x="36.4173" y="-2.9528" />
        <Point x="36.4173" y="-12.7953" />
      </Path>
    </Layer>
    <Layer name="PACKAGE GEOMETRY/ASSEMBLY_TOP" packageHeight="21.6535" >
      <Path lineWidth="0" type="line" >
        <Point x="36.4173" y="-12.7953" />
        <Point x="36.4173" y="-12.7953" />
      </Path>
    </Layer>
    <Layer name="PACKAGE GEOMETRY/ASSEMBLY_TOP" packageHeight="21.6535" >
      <Path lineWidth="0" type="line" >
        <Point x="36.4173" y="-12.7953" />
        <Point x="36.4173" y="-2.9528" />
      </Path>
    </Layer>
    <Layer name="PACKAGE GEOMETRY/ASSEMBLY_TOP" packageHeight="21.6535" >
      <Path lineWidth="0" type="line" >
        <Point x="36.4173" y="-2.9528" />
        <Point x="36.4173" y="-2.9528" />
      </Path>
    </Layer>
    <Layer name="PACKAGE GEOMETRY/ASSEMBLY_TOP" packageHeight="21.6535" >
      <Path lineWidth="0" type="line" >
        <Point x="36.4173" y="12.7953" />
        <Point x="36.4173" y="2.9528" />
      </Path>
    </Layer>
    <Layer name="PACKAGE GEOMETRY/ASSEMBLY_TOP" packageHeight="21.6535" >
      <Path lineWidth="0" type="line" >
        <Point x="36.4173" y="2.9528" />
        <Point x="36.4173" y="2.9528" />
      </Path>
    </Layer>
    <Layer name="PACKAGE GEOMETRY/ASSEMBLY_TOP" packageHeight="21.6535" >
      <Path lineWidth="0" type="line" >
        <Point x="36.4173" y="2.9528" />
        <Point x="36.4173" y="12.7953" />
      </Path>
    </Layer>
    <Layer name="PACKAGE GEOMETRY/ASSEMBLY_TOP" packageHeight="21.6535" >
      <Path lineWidth="0" type="line" >
        <Point x="36.4173" y="12.7953" />
        <Point x="36.4173" y="12.7953" />
      </Path>
    </Layer>
    <Layer name="PACKAGE GEOMETRY/ASSEMBLY_TOP" packageHeight="21.6535" >
      <Path lineWidth="0" type="line" >
        <Point x="36.4173" y="28.5433" />
        <Point x="36.4173" y="18.7008" />
      </Path>
    </Layer>
    <Layer name="PACKAGE GEOMETRY/ASSEMBLY_TOP" packageHeight="21.6535" >
      <Path lineWidth="0" type="line" >
        <Point x="36.4173" y="18.7008" />
        <Point x="36.4173" y="18.7008" />
      </Path>
    </Layer>
    <Layer name="PACKAGE GEOMETRY/ASSEMBLY_TOP" packageHeight="21.6535" >
      <Path lineWidth="0" type="line" >
        <Point x="36.4173" y="18.7008" />
        <Point x="36.4173" y="28.5433" />
      </Path>
    </Layer>
    <Layer name="PACKAGE GEOMETRY/ASSEMBLY_TOP" packageHeight="21.6535" >
      <Path lineWidth="0" type="line" >
        <Point x="36.4173" y="28.5433" />
        <Point x="36.4173" y="28.5433" />
      </Path>
    </Layer>
    <Layer name="PACKAGE GEOMETRY/SILKSCREEN_TOP" packageHeight="21.6535" >
      <Path lineWidth="6" type="line" >
        <Point x="-46.4173" y="-40.3874" />
        <Point x="-46.4173" y="-62.1654" />
      </Path>
    </Layer>
    <Layer name="PACKAGE GEOMETRY/SILKSCREEN_TOP" packageHeight="21.6535" >
      <Path lineWidth="6" type="line" >
        <Point x="46.4173" y="-62.1654" />
        <Point x="46.4173" y="-40.3874" />
      </Path>
    </Layer>
    <Layer name="PACKAGE GEOMETRY/SILKSCREEN_TOP" packageHeight="21.6535" >
      <Path lineWidth="6" type="line" >
        <Point x="46.4173" y="40.3874" />
        <Point x="46.4173" y="62.1654" />
      </Path>
    </Layer>
    <Layer name="PACKAGE GEOMETRY/SILKSCREEN_TOP" packageHeight="21.6535" >
      <Path lineWidth="6" type="line" >
        <Point x="-46.4173" y="62.1654" />
        <Point x="-46.4173" y="40.3874" />
      </Path>
    </Layer>
    <Layer name="PACKAGE GEOMETRY/ASSEMBLY_TOP" packageHeight="21.6535" >
      <Path lineWidth="0" type="line" >
        <Point x="-36.4173" y="-52.1654" />
        <Point x="36.4173" y="-52.1654" />
      </Path>
    </Layer>
    <Layer name="PACKAGE GEOMETRY/ASSEMBLY_TOP" packageHeight="21.6535" >
      <Path lineWidth="0" type="line" >
        <Point x="36.4173" y="-52.1654" />
        <Point x="36.4173" y="52.1654" />
      </Path>
    </Layer>
    <Layer name="PACKAGE GEOMETRY/ASSEMBLY_TOP" packageHeight="21.6535" >
      <Path lineWidth="0" type="line" >
        <Point x="36.4173" y="52.1654" />
        <Point x="-36.4173" y="52.1654" />
      </Path>
    </Layer>
    <Layer name="PACKAGE GEOMETRY/ASSEMBLY_TOP" packageHeight="21.6535" >
      <Path lineWidth="0" type="line" >
        <Point x="-36.4173" y="52.1654" />
        <Point x="-36.4173" y="-52.1654" />
      </Path>
    </Layer>
    <Layer name="PACKAGE GEOMETRY/DISPLAY_TOP" packageHeight="21.6535" >
      <Label layer="PACKAGE GEOMETRY/DISPLAY_TOP" textBlock="3" angle="0" x="0" y="-30" text="Built_By" justify="center" />
    </Layer>
    <Layer name="PACKAGE_GEOMETRY/Copy Right" packageHeight="21.6535" >
      <Label layer="PACKAGE_GEOMETRY/Copy Right" textBlock="1" angle="0" x="0" y="-.5" text="C" justify="center" />
    </Layer>
  </Layers>
</Footprint>
